,Rank,Target sequence,Genomic location,Strand,GC content (%),Self-complementarity,MM0,MM1,MM2,MM3,Efficiency,Outcome
1,1,GGTCGTTACACCTTTAGATA,chr3:133638046,-,40,0,0,0,0,1,0,NA
2,2,GTACTCGTCCGCCCATCATT,chr3:133656815,+,50,0,0,0,0,2,0,NA
3,3,GAACCGAGTACGCCACTCTC,chr3:133628660,-,55,1,0,0,0,2,0,NA
4,4,GCTCTACTTCGTCCACTGCG,chr3:133620170,+,55,0,0,0,0,3,0,NA
5,5,GGATGGGCGGACGAGTATAC,chr3:133656810,-,55,0,0,0,0,4,0,NA
6,6,GTGGGCGGACGAGTATACAG,chr3:133656808,-,55,0,0,0,0,4,0,NA
7,7,GACTCCCGATTAGTGTCATT,chr3:133624107,+,40,0,0,0,0,4,0,NA
8,8,GAAACCGTCGTTACACCTTT,chr3:133638051,-,40,1,0,0,0,4,0,NA
9,10,GGGTGGAGTTCGTTTTAACC,chr3:133649859,-,45,0,0,0,0,5,0,NA
